Nome,E-mail,Telefone
Angila Kuphal,jarvis.von@gutmann.example,132.210.7540 x6381
Harriet Ernser,michael@ratke.example,(780) 423-8092 x153
Francisco Rosenbaum,wade.walsh@rodriguez-wolff.example,445.030.1309
Donnie Kassulke,aura@parisian-towne.test,368-980-1851
Georgeann Dach,brooke@marquardt-gottlieb.example,1-333-478-7722 x283
Aimee Blanda DVM,stuart.franecki@russel.example,557.859.9660 x13518
Marty Witting,wendell@mann.test,(455) 384-4433 x72314
Prof. Hershel Reichert,garry@hickle-weissnat.example,129.035.3505
Bok Reilly,pierre_ratke@wiza-nitzsche.example,(265) 404-0542 x59258
Laree Schimmel,quyen@collier.example,(534) 859-7107 x43082
Floyd Hyatt,lizzie@gerhold-breitenberg.test,453-534-0844
Bill Abbott,chase@lang-klocko.example,1-370-936-6432
Jesus Turner,todd@bernhard-shields.test,729.798.5257 x3833
Merlin Schmidt,dallas.kautzer@mills-stehr.example,394.277.3125 x0783
Karleen Lind CPA,shay_macejkovic@kunze.test,101.078.7269
Richard Cremin,essie_feeney@bechtelar.test,122.003.5321
Darell Waelchi Esq.,jodi@rosenbaum-kreiger.test,513-883-7155 x29904
Leann Gerhold,ernest.fadel@larson.example,653.290.7876 x8307
Msgr. Charley Bayer,toney@kuhlman.example,741-976-8662 x8553
Rachele Bogisich,francisca.cruickshank@gerhold.test,1-785-613-9760 x2589
